Asset Name,Asset ID,FQDN,IP Address,Customer Account Number,Environment Type
,,,,,
aiifrenyq,8978,aiifrenyq.abc.edu,169.102.30.41,EQ123,DEV
sdjfkkq,8979,sdjfkkq.abc.edu,169.102.30.42,EQ124,DEV
sdfjkka,8980,sdfjkka.abc.edu,169.102.30.43,EQ125,DEV
lkiiyusd,8981,lkiiyusd.abc.edu,169.102.30.44,EQ126,PROD
opwejjs,8982,opwejjs.abc.edu,169.102.30.45,EQ127,DEV
kirenne,8983,kirenne.abc.edu,169.102.30.46,EQ128,TEST
poitwebwe,8984,poitwebwe.abc.edu,169.102.30.47,EQ129,STG
lajdfjk,8985,lajdfjk.abc.edu,169.102.30.48,EQ130,TEST
ghuiipa,8986,ghuiipa.abc.edu,169.102.30.49,EQ131,DEV
qwerty,8987,qwerty.abc.edu,169.102.30.50,EQ132,PROD
bento,8988,bento.abc.edu,169.102.30.51,EQ133,DEV
tiereer,8989,tiereer.abc.edu,169.102.30.52,EQ134,STG
queslls,8990,queslls.abc.edu,169.102.30.53,EQ135,DEV
asdfght,8991,asdfght.abc.edu,169.102.30.54,EQ136,DEV
isuudhq,8992,isuudhq.abc.edu,169.102.30.55,EQ137,DEV
kinfaay,8993,kinfaay.abc.edu,169.102.30.56,EQ138,STG
psygajsmo,8994,psygajsmo.abc.edu,169.102.30.57,EQ139,TEST
sdayenken,8995,sdayenken.abc.edu,169.102.30.58,EQ140,PROD
qwemcuu,8996,qwemcuu.abc.edu,169.102.30.59,EQ141,PROD
losydnv,8997,losydnv.abc.edu,169.102.30.60,EQ142,PROD
qzxcvb,8998,qzxcvb.abc.edu,169.102.30.61,EQ143,DEV
donuterr,8999,donuterr.abc.edu,169.102.30.62,EQ144,TEST
pizzadsq,9000,pizzadsq.abc.edu,169.102.30.63,EQ145,PROD
cofeqwe,9001,cofeqwe.abc.edu,169.102.30.64,EQ146,STG
sejncoe,9002,sejncoe.abc.edu,169.102.30.65,EQ147,STG
nitriias,9003,nitriias.abc.edu,169.102.30.66,EQ148,PROD
jusyrwna,9004,jusyrwna.abc.edu,169.102.30.67,EQ149,DEV
gateinds,9005,gateinds.abc.edu,169.102.30.68,EQ150,DEV
ghysndk,9006,ghysndk.abc.edu,169.102.30.69,EQ151,TEST
awytsin,9007,awytsin.abc.edu,169.102.30.70,EQ152,TEST
oiutdshh,9008,oiutdshh.abc.edu,169.102.30.71,EQ153,STG
laresy,9009,laresy.abc.edu,169.102.30.72,EQ154,TEST
coscoter,9010,coscoter.abc.edu,169.102.30.73,EQ155,DEV
crocer,9011,crocer.abc.edu,169.102.30.74,EQ156,PROD
kronger,9012,kronger.abc.edu,169.102.30.75,EQ157,DEV
wallieur,9013,wallieur.abc.edu,169.102.30.76,EQ158,TEST
carinosue,9014,carinosue.abc.edu,169.102.30.77,EQ159,STG
musterwe,9015,musterwe.abc.edu,169.102.30.78,EQ160,TEST
sandwurks,9016,sandwurks.abc.edu,169.102.30.79,EQ161,PROD
darwwgin,9017,darwwgin.abc.edu,169.102.30.80,EQ162,PROD
figheyr,9018,figheyr.abc.edu,169.102.30.81,EQ163,TEST
sdjfuenvm,9019,sdjfuenvm.abc.edu,169.102.30.82,EQ164,STG
abstenfg,9020,abstenfg.abc.edu,169.102.30.83,EQ165,STG
magooshuii,9021,magooshuii.abc.edu,169.102.30.84,EQ166,TEST
princetwa,9022,princetwa.abc.edu,169.102.30.85,EQ167,DEV
museutng,9023,museutng.abc.edu,169.102.30.86,EQ168,DEV
zxdsuaa,9024,zxdsuaa.abc.edu,169.102.30.87,EQ169,PROD
xerozxer,9025,xerozxer.abc.edu,169.102.30.88,EQ170,PROD
crickqwe,9026,crickqwe.abc.edu,169.102.30.89,EQ171,STG
knollrsww,9027,knollrsww.abc.edu,169.102.30.90,EQ172,TEST
